date,open,high,low,close
2019-01-01,108503.40758196257,108513.5754127837,108471.95258753283,108500.00369046007
2019-01-02,108507.83839121823,108508.95790020595,108489.21039053099,108500.89992707259
2019-01-03,108506.14427935924,108529.19078615286,108488.84615012143,108500.0775135065
2019-01-04,108496.74819595691,108525.07462829875,108495.6164609555,108497.40573799024
2019-01-07,108498.26232302094,108511.17164709505,108488.67725467207,108496.04172563473
2019-01-08,108493.42977915522,108497.13951843443,108478.80569228268,108493.06678596973
2019-01-09,108493.55353446574,108496.55188969486,108477.66770661411,108493.24721677753
2019-01-10,108501.911133697,108523.08104112494,108492.99735327675,108497.26786251419
2019-01-11,108491.83370422998,108502.62627549023,108484.36542170994,108495.79124295854
2019-01-14,108497.09570205148,108512.21704731722,108481.21926140682,108493.92981825907
2019-01-15,108495.25241642416,108506.5276872444,108488.30148002491,108495.39934440963
2019-01-16,108500.69562729592,108517.52756017346,108481.57681392215,108496.47000543411
2019-01-17,108497.3479482878,108508.79271773153,108468.25615144992,108496.7862481811
2019-01-18,108491.97682806342,108499.4279805262,108483.2060753814,108493.99484404699
2019-01-21,108494.73850970984,108523.17800792833,108464.05978883497,108493.9070885796
2019-01-22,108498.20089944806,108502.95547026984,108479.58343632313,108495.99299816297
2019-01-23,108492.06764554344,108493.71403013398,108482.87108324618,108491.96035452111
2019-01-24,108492.05162206765,108525.68236119283,108472.59387186336,108490.58750723799
2019-01-25,108483.31881349148,108490.30418912909,108463.20205387328,108484.88383901858
2019-01-28,108474.6135740967,108493.25728541517,108472.2179939506,108481.01522579923
2019-01-29,108478.19009143718,108489.2095114116,108465.32663823268,108475.49002068586
2019-01-30,108476.88222650118,108494.60744025631,108455.67080299178,108474.78474729264
2019-01-31,108471.42694300215,108488.35169108331,108453.2202018402,108470.9824078483
2019-02-01,108472.0014326114,108490.0910990087,108459.83221570012,108471.79620092477
2019-02-04,108475.3753414927,108483.96972917083,108470.29811383368,108472.26645418465
2019-02-05,108470.33434117431,108481.12418909,108464.63765827805,108471.70566135074
2019-02-06,108462.03578002221,108466.80294615355,108453.11555480029,108464.15538221829
2019-02-07,108461.97365392226,108462.75163080744,108435.00647092955,108462.53930353075
2019-02-08,108465.96109226022,108480.62640651321,108438.1153614278,108462.39380069455
2019-02-11,108458.57238893976,108471.25504564733,108450.14549241484,108462.73372765255
2019-02-12,108461.71881033388,108492.34694577784,108451.75941814305,108458.14332035604
2019-02-13,108454.79230196532,108463.2029524018,108439.42999342347,108456.71006052794
2019-02-14,108450.47227279459,108459.83361776662,108425.06119985535,108453.77450329377
2019-02-15,108455.12817708391,108459.22716035675,108430.92664333413,108451.34799157549
2019-02-18,108454.24001716125,108459.13904602628,108446.06593997519,108454.53068744564
2019-02-19,108448.2073803265,108470.52841981594,108443.09128104754,108452.10808341965
2019-02-20,108450.93431912764,108460.83824455335,108433.96157988111,108452.01051830481
2019-02-21,108457.45684519963,108460.15915542946,108446.75966342416,108454.66368790697
2019-02-22,108456.4891091866,108466.2423508638,108429.45119850144,108452.91288660874
2019-02-25,108451.29648471421,108473.08017277741,108446.33636120829,108452.57778075998
2019-02-26,108454.12813546702,108471.87477454302,108444.14244950755,108452.90917318974
2019-02-27,108455.24277240968,108460.64764399012,108432.8414274897,108453.1005185125
2019-02-28,108447.4914715521,108463.88308767638,108440.56309616724,108449.42535103325
2019-03-01,108450.71887994988,108451.68186041767,108448.9895592881,108449.65377172438
2019-03-04,108453.63460824534,108469.65998631097,108444.51787984376,108453.7302419896
2019-03-05,108447.4807347238,108464.5784471854,108424.19457299911,108449.08880795521
2019-03-06,108450.19051221314,108475.07291043072,108432.63237439081,108451.66695601928
2019-03-07,108452.22612154197,108456.67052139474,108444.81809405977,108452.02501809636
2019-03-08,108450.19016737492,108466.4674034522,108446.80622140801,108450.10060691404
2019-03-11,108454.40538669309,108471.40973920889,108449.06175243268,108456.10185655307
2019-03-12,108457.11080036413,108463.0326934469,108448.83432945395,108458.38863568933
2019-03-13,108458.13078069803,108474.9900404492,108451.44694559056,108454.79076898302
2019-03-14,108455.65579907486,108455.82164014067,108451.70819009218,108455.01431766932
2019-03-15,108459.3996695201,108477.33435988704,108441.63151604621,108456.74438642034
2019-03-18,108459.78350674009,108472.4793180409,108423.85671589662,108456.17804004428
2019-03-19,108459.99329762478,108470.73961117605,108450.41363346853,108458.22677084587
2019-03-20,108464.83987782558,108472.39272099253,108443.71498053812,108458.02721888543
2019-03-21,108457.55304947263,108465.99444675585,108447.7636451845,108460.02896156792
2019-03-22,108466.76975812214,108470.26529522736,108460.22621971561,108464.3445293429
2019-03-25,108461.36311067079,108465.70613618282,108442.70900454232,108462.31754258988
2019-03-26,108468.49430821116,108483.34722714455,108446.26930209514,108462.92695842104
2019-03-27,108466.63835605561,108474.31805116427,108460.03227972472,108461.53703569144
2019-03-28,108456.0562073791,108487.95411796651,108454.31964953935,108461.91884092511
2019-03-29,108455.45065861402,108459.95089552195,108445.61068444529,108458.35725734156
2019-04-01,108458.61229128443,108473.39302421076,108449.14507652058,108456.61935255205
2019-04-02,108458.4003662633,108459.75398408013,108452.73894394835,108456.03076463364
2019-04-03,108460.93674889841,108464.63673882987,108443.42835993672,108458.72705624993
2019-04-04,108461.95012628779,108492.64634455826,108461.33916626891,108462.1627222723
2019-04-05,108459.55750136854,108464.19767314657,108429.95593512007,108458.19213889485
2019-04-08,108457.76727610425,108476.92552754439,108445.68431879209,108455.80821179689
2019-04-09,108457.515308256,108468.46015444992,108440.02321203082,108457.74892206461
2019-04-10,108454.85356861717,108459.6119879198,108431.10502432346,108451.77166271208
2019-04-11,108443.6036613699,108482.710030908,108421.13123735324,108450.38215311723
2019-04-12,108451.99167289893,108455.09301188203,108437.7508721242,108450.09029234022
2019-04-15,108450.75917943522,108467.88203826906,108420.52857046465,108453.86133727207
2019-04-16,108458.80558239769,108473.82958175089,108454.1843070997,108455.92954897379
2019-04-17,108454.26185543844,108460.23703305953,108450.4550218378,108454.94790871312
2019-04-18,108451.17581921756,108463.91435625676,108447.72060049252,108453.84218103082
2019-04-19,108454.2133012995,108481.23770563147,108444.06799173281,108453.09159482927
2019-04-22,108454.9281825371,108468.10623975549,108454.16126954739,108457.66218303064
2019-04-23,108453.63980451025,108465.43045014332,108450.98635429957,108456.37810820292
2019-04-24,108450.76518396997,108460.00582566463,108431.51135023078,108455.46706703783
2019-04-25,108456.44471097528,108471.85055489765,108445.60327090872,108456.52483423968
2019-04-26,108457.65299346948,108457.94483700328,108440.51536396709,108456.16252290441
2019-04-29,108458.63974817892,108462.59187182196,108443.67409373075,108455.57067022052
2019-04-30,108451.80328520571,108487.10895018028,108441.2493244938,108452.22846879107
2019-05-01,108455.3374700123,108464.31750687803,108435.78424135389,108452.19390438695
2019-05-02,108450.91704364344,108459.0206949396,108434.78016432266,108450.86316071803
2019-05-03,108454.08167860367,108460.94556595654,108437.8608067176,108454.36154404661
2019-05-06,108458.04149839828,108478.1199275675,108449.09048968353,108456.3208095547
2019-05-07,108459.42355704407,108481.62177005106,108429.8097471826,108456.24837871568
2019-05-08,108457.2292184221,108462.24351109639,108438.50490351382,108458.25352178547
2019-05-09,108456.50262826448,108472.48443254051,108453.22902303668,108457.23391313035
2019-05-10,108459.90779799152,108481.54511915614,108455.74428669938,108460.39029220561
2019-05-13,108460.62240090457,108468.43600266942,108436.5276046917,108460.3740935236
2019-05-14,108459.42301595732,108474.30655857576,108448.69969687553,108462.12424058614
2019-05-15,108461.33557903038,108464.95281423542,108441.34559858365,108458.25156085017
2019-05-16,108458.09037210148,108460.22983061931,108451.05596193332,108459.29160099682
2019-05-17,108455.61431901505,108456.89855326463,108443.38802547491,108454.22698864472
2019-05-20,108445.64458409323,108448.14078579671,108432.62067821492,108448.1210018099
2019-05-21,108448.28398303519,108464.99338602963,108432.37442107176,108447.20757117675
2019-05-22,108445.68256740122,108447.53998036665,108429.70602905977,108444.50778835396
2019-05-23,108443.7379025207,108447.30593796197,108431.89250190009,108444.9999467411
2019-05-24,108457.79688491956,108461.94494339231,108450.8640853267,108451.73421662056
2019-05-27,108450.35216696004,108455.47187919813,108433.77915998011,108449.23904707632
2019-05-28,108452.69800308591,108466.12102403553,108437.52670438425,108447.36721631698
2019-05-29,108450.86084492688,108458.40072138513,108436.74346059034,108447.98342815519
2019-05-30,108447.47564360825,108450.24667674603,108435.05216395356,108449.46246802942
2019-05-31,108447.78668938474,108457.42097451484,108424.35145897257,108448.93324983171
2019-06-03,108449.62376504301,108451.40090733707,108431.03433768271,108448.31545884094
2019-06-04,108450.60636530182,108459.76801824561,108411.45932147754,108450.4228477063
2019-06-05,108452.13095404267,108482.19032072811,108430.22782390854,108451.9825706174
2019-06-06,108448.02292825805,108468.8174542309,108432.83614153118,108448.88154312118
2019-06-07,108443.2185700981,108455.3932816113,108441.153419621,108448.64399916533
2019-06-10,108448.07356178106,108449.5541374834,108438.83582366823,108448.74985971132
2019-06-11,108438.9320414534,108478.44786828716,108436.73452364375,108445.58640584517
2019-06-12,108447.48138185355,108452.32567547465,108435.86083040439,108446.3659231472
2019-06-13,108441.6138803534,108445.0947363337,108439.31333506349,108443.79205371568
2019-06-14,108444.5620036609,108451.2551494917,108430.13392736306,108446.70825383942
2019-06-17,108446.62858019034,108451.87563967341,108445.92477506389,108447.28649157724
2019-06-18,108448.37242807342,108469.52719367067,108437.93088410555,108447.55441103454
2019-06-19,108441.48530744277,108446.06579636323,108401.28015963822,108445.78132597597
2019-06-20,108440.17969293568,108476.9153688652,108427.92788883431,108445.42549650434
2019-06-21,108436.23406001112,108452.66257652565,108423.70884363858,108439.43225762562
2019-06-24,108429.91285264146,108446.44878846784,108414.95883950054,108436.03803521405
2019-06-25,108434.22600578195,108452.15395626133,108427.65333258531,108437.12655461162
2019-06-26,108435.51350257771,108462.77001692707,108406.06772670116,108430.74085348615
2019-06-27,108430.1109213011,108438.23916063398,108419.15350438042,108433.28067905059
2019-06-28,108429.99660514918,108430.86944422637,108416.96898286822,108428.04238962448
2019-07-01,108426.19770070766,108444.176158727,108412.93881536808,108430.31260513247
2019-07-02,108428.67347449154,108447.50358475196,108421.37710929102,108427.77611403383
2019-07-03,108429.15388585022,108446.79123983567,108417.29569913384,108430.11308728685
2019-07-04,108430.32650255301,108435.69832578424,108410.21951497754,108430.50594090961
2019-07-05,108427.60176887183,108448.52561796382,108408.24585785103,108425.89543608873
2019-07-08,108434.91160271336,108436.97117998399,108428.64754158746,108429.64288233742
2019-07-09,108434.55212285348,108436.0727108806,108430.74106725685,108433.96800380398
2019-07-10,108434.14366594017,108439.37767628155,108416.75681467075,108433.77058908598
2019-07-11,108430.02873711701,108443.21576035296,108420.5917779577,108432.94884026946
2019-07-12,108434.21925833754,108440.00785529526,108416.58147507344,108432.46923937155
2019-07-15,108428.80556541157,108440.73971248417,108424.94867072882,108429.54378240321
2019-07-16,108435.33556381121,108443.2699914416,108432.7700073742,108432.83954268249
2019-07-17,108431.07974753584,108453.95011759536,108400.95518361048,108431.2108668873
2019-07-18,108436.27986276064,108465.24072438918,108411.70642287433,108431.05729564921
2019-07-19,108422.7286569302,108430.41691918067,108411.60722409756,108428.6774064396
2019-07-22,108425.90938905999,108433.07176375187,108404.94209112482,108426.79918714045
2019-07-23,108425.61045660189,108432.99598542941,108419.8692796079,108422.9660116855
2019-07-24,108425.68514303539,108441.0137248868,108414.24723331207,108426.73721962664
2019-07-25,108423.8984377,108428.4714943674,108417.78260557119,108426.27495690701
2019-07-26,108428.37507994598,108444.76660450037,108422.80481603436,108429.1727217632
2019-07-29,108425.07290931111,108439.66316320603,108415.12846995468,108429.21269555394
2019-07-30,108427.4863462859,108428.97546573528,108412.5090034242,108427.12948497084
2019-07-31,108433.47081471136,108435.8929331948,108421.00746841473,108426.14942919083
2019-08-01,108427.903830534,108433.45664946915,108420.95619629283,108424.46873603931
2019-08-02,108421.16558601732,108428.18986290634,108416.23971704648,108424.49261333687
2019-08-05,108420.74678957085,108446.6741275625,108412.39920577443,108423.36681281784
2019-08-06,108421.25286424294,108431.40300381901,108416.4061310763,108422.46704767001
2019-08-07,108421.3445720008,108425.66862455767,108405.85069413797,108418.3313236176
2019-08-08,108413.44632480723,108418.22197985792,108387.7065366455,108415.91078583474
2019-08-09,108418.80226422432,108435.64683244066,108414.94683041953,108420.87295848115
2019-08-12,108421.51350713294,108439.79094037983,108418.7020722683,108418.8592588324
2019-08-13,108418.29093518094,108434.67517469276,108393.53769236009,108415.69697746952
2019-08-14,108415.58751248608,108428.42509754702,108400.22725752182,108416.70895646725
2019-08-15,108417.5774828228,108444.14004950244,108416.2579799441,108420.93077306592
2019-08-16,108411.91946568868,108437.85147815735,108403.87968797075,108416.56870015847
2019-08-19,108413.84616423298,108427.0190315425,108397.79648933561,108415.94313461371
2019-08-20,108407.3553902451,108431.75762773547,108397.74274639557,108414.04697695191
2019-08-21,108411.01337817466,108420.5768914807,108374.85894682468,108408.76391852893
2019-08-22,108409.07860655729,108418.44044475898,108390.77310120006,108410.96869865671
2019-08-23,108412.34224789379,108436.10323537208,108382.42219504852,108410.89836690105
2019-08-26,108416.71766709672,108417.18517588795,108400.89356392472,108411.11269243392
2019-08-27,108412.37474513797,108431.5774287841,108396.39560466244,108408.85575801658
2019-08-28,108406.76670599173,108428.3759552562,108392.08213397447,108410.22011050557
2019-08-29,108411.20996541655,108424.95156175054,108405.6767553263,108408.60221845712
2019-08-30,108411.64707991417,108421.89491904638,108404.17732613535,108408.17350883162
2019-09-02,108402.6096569008,108405.9207941868,108393.4280597128,108404.84872645508
2019-09-03,108398.34052740523,108410.63686350959,108371.76605213032,108401.20041817446
2019-09-04,108404.87793804833,108417.40537482171,108399.49872718175,108405.20701374035
2019-09-05,108398.88142957819,108408.74100155864,108385.66349913225,108403.68569962675
2019-09-06,108408.9729455437,108409.63470772353,108395.58340554811,108404.5607406958
2019-09-09,108397.24327801242,108416.84045923244,108386.53745832408,108404.45936939151
2019-09-10,108399.81551153598,108429.3466292301,108397.51648024053,108403.13593378321
2019-09-11,108400.80335538018,108411.36129813865,108393.85559232115,108401.61205087221
2019-09-12,108402.82103737256,108420.05089534544,108401.38134763605,108403.50229864655
2019-09-13,108403.09506835237,108403.15593788521,108401.66586929809,108402.59669583294
2019-09-16,108402.95671059444,108413.65998590483,108399.27557610051,108402.14236488842
2019-09-17,108401.56819351613,108409.40019405854,108395.54732583225,108402.20902956
2019-09-18,108409.14921347708,108436.58676524769,108398.10519895986,108405.73855452077
2019-09-19,108401.36195893575,108428.36487414243,108390.25035726767,108407.78008744467
2019-09-20,108408.9273947061,108417.01748511526,108397.7153209318,108408.92788824785
2019-09-23,108405.09342083265,108408.57488157472,108379.64515568216,108407.23717406779
2019-09-24,108403.48880821321,108422.71192910786,108393.81816814537,108403.09126790777
2019-09-25,108406.60213721682,108410.34393196016,108382.65059376179,108405.93985770298
2019-09-26,108406.10371247616,108411.10451499883,108365.49574709791,108408.83919910564
2019-09-27,108406.49422691867,108448.96931684756,108396.09844659248,108408.41707390828
2019-09-30,108412.42048560284,108413.88411216598,108399.72693459303,108410.04272543309
2019-10-01,108413.43422340069,108444.83300911046,108387.63223652863,108412.38705459474
2019-10-02,108412.83986264293,108424.9619052533,108373.86773082256,108414.88060795273
2019-10-03,108423.76443125049,108425.44966942337,108378.81870467147,108417.64475837247
2019-10-04,108423.20543836597,108442.04566775486,108394.72951365417,108416.27790542049
2019-10-07,108416.4354369316,108433.83093962926,108393.07531644433,108420.82282436849
2019-10-08,108417.98843007452,108423.47296719794,108403.33775970488,108417.08304519362
2019-10-09,108427.1951977315,108432.32237224848,108416.3444308426,108419.6682144246
2019-10-10,108423.50170654926,108425.98183671744,108415.79233762222,108421.1500106617
2019-10-11,108424.43404843101,108437.77253574271,108410.31211964933,108423.77086800228
2019-10-14,108428.78372242348,108441.22311144098,108416.64385253628,108429.40789292355
2019-10-15,108432.23764648607,108441.95579108657,108415.43967280425,108433.8612293437
2019-10-16,108429.78815451427,108437.91533127331,108425.68004551089,108430.42569862213
2019-10-17,108423.7074956441,108446.05445776059,108408.76375644907,108425.35968388132
2019-10-18,108430.04507613416,108441.8353122576,108411.0958074635,108427.81035105849
2019-10-21,108423.57085285279,108434.54188774913,108418.10682450738,108424.76531381086
2019-10-22,108423.40464310888,108448.99292502292,108420.94067072585,108424.72809764491
2019-10-23,108423.64079801545,108428.31488549543,108403.51397291741,108427.24728007593
2019-10-24,108422.16711839924,108433.0817633715,108404.701530943,108422.31588802238
2019-10-25,108413.30358163913,108421.64257576637,108408.1919702798,108415.98594665945
2019-10-28,108416.22159321427,108420.36070149654,108393.48774359841,108416.76384372046
2019-10-29,108420.02244804746,108436.7743582182,108416.19246422834,108416.8970013893
2019-10-30,108417.25736683409,108436.91153536686,108404.52956460266,108416.15959217516
2019-10-31,108417.78937235082,108434.30512739236,108406.41182696831,108416.27519646646
2019-11-01,108414.76192234363,108418.29440859138,108412.54247769232,108413.69364964437
2019-11-04,108409.33069361313,108435.65687651187,108398.50780260607,108409.15316642255
2019-11-05,108408.2712171779,108424.34263693537,108393.80354287889,108408.6532018699
2019-11-06,108404.81465714905,108420.38862172574,108394.24477931538,108405.73807579676
2019-11-07,108403.08498285602,108428.78179921019,108386.08198407956,108400.80763182952
2019-11-08,108399.07195561583,108406.77390664347,108398.41556377694,108402.3246750437
2019-11-11,108406.16264691712,108424.87243092766,108389.30394882864,108402.14047915844
2019-11-12,108403.4622989564,108412.57872450772,108395.24004489859,108403.36006476833
2019-11-13,108398.14607877232,108403.23298729322,108390.56681956607,108400.39217994406
2019-11-14,108396.95056533143,108398.43522212199,108379.66358601673,108398.41800356854
2019-11-15,108393.38990328331,108401.76732579291,108384.72022093786,108395.42087448688
2019-11-18,108393.2415683828,108416.17371223947,108378.69402008275,108392.76094888571
2019-11-19,108391.1936435055,108407.45717527703,108359.40581506422,108393.34717263895
2019-11-20,108394.42464238631,108414.26284205182,108371.64033601795,108390.99824878995
2019-11-21,108389.72153067857,108409.29747488901,108385.97482048803,108392.06644765641
2019-11-22,108386.26814964143,108413.41581050157,108383.10359182375,108393.08571543267
2019-11-25,108396.96820291513,108404.41960011258,108391.13765032224,108399.16119839331
2019-11-26,108388.95726773581,108404.7975098474,108388.54120207854,108394.98283125571
2019-11-27,108397.5269318375,108433.2089836282,108375.57478434722,108397.64653838922
2019-11-28,108400.55554843866,108412.68430117903,108383.21891489491,108397.37807450355
2019-11-29,108399.27926471396,108401.61318096747,108384.78456831917,108397.33598531316
2019-12-02,108388.9736253326,108400.13609881456,108378.65916731986,108392.98639384744
2019-12-03,108389.31904656456,108423.30747679994,108368.80981801097,108391.60581240927
2019-12-04,108399.1713048063,108401.25486858148,108389.21420217806,108393.83540419959
2019-12-05,108394.54350330975,108405.84495421432,108390.11158144817,108393.58796908354
2019-12-06,108393.84348827269,108395.3607654542,108376.03608976274,108393.83113219478
2019-12-09,108396.12716983656,108411.72820884803,108387.1450703952,108392.95898215298
2019-12-10,108403.78091477022,108415.20651638083,108392.22605873665,108396.42269139393
2019-12-11,108400.24799352554,108406.04343555741,108389.44070057433,108396.35827369281
2019-12-12,108390.17527243968,108398.48824553286,108360.33193907663,108389.75702667536
2019-12-13,108388.74487355188,108395.50948466144,108374.71695417012,108387.68080902394
2019-12-16,108383.62565857598,108408.65983148859,108363.63815233229,108381.77441920269
2019-12-17,108370.18200846668,108384.91483570401,108361.65161767536,108372.02010395621
2019-12-18,108367.25359948873,108382.47214520848,108356.09552124771,108370.42975790688
2019-12-19,108374.58778470766,108382.52003524064,108363.52557842768,108374.4304374572
2019-12-20,108371.73016348718,108381.83482060145,108370.70142174362,108374.57179717558
2019-12-23,108370.86977279627,108392.90293353699,108370.63852454082,108371.05416005338
2019-12-24,108368.52042956874,108368.81361935838,108343.04016354028,108368.23206044876
2019-12-25,108378.64701210517,108406.47972397867,108370.312344416,108371.62390013952
2019-12-26,108369.54363002574,108386.36780502915,108347.39863352753,108372.09678000971
2019-12-27,108371.87541093848,108376.0663430502,108367.26745600351,108372.24077773439
2019-12-30,108371.58748369913,108392.75933778852,108366.08663879667,108372.08039236788
2019-12-31,108373.50752475267,108378.66412004807,108371.93463091152,108372.19559315254
2020-01-01,108377.75198308814,108385.52861958244,108343.96465480553,108374.61181009338
2020-01-02,108374.79806148057,108398.03821532383,108366.88212776718,108376.26951198545
2020-01-03,108374.4525699952,108386.86653915848,108365.5152073697,108376.91662608553
2020-01-06,108368.86588916495,108373.86758811673,108366.73121886922,108373.78802101275
2020-01-07,108372.54273381708,108380.70950330501,108369.65136266901,108375.32134730749
2020-01-08,108374.87792857723,108385.95692768901,108358.77983216365,108373.2686060735
2020-01-09,108376.68708422668,108394.52777602989,108360.02839997609,108376.55014310121
2020-01-10,108369.6906886513,108373.64690811555,108350.17328322829,108372.73699063603
2020-01-13,108371.20582527775,108398.30510271374,108355.38848120601,108372.32412770721
2020-01-14,108372.3964716917,108374.05461895406,108364.59470483293,108372.30205284833
2020-01-15,108369.83915299122,108370.15343202354,108353.91761510576,108368.3281161964
2020-01-16,108371.71384806946,108383.36028561182,108364.72116635826,108373.49403112796
2020-01-17,108377.12393125678,108393.03880497841,108358.45988541223,108377.87525142975
2020-01-20,108371.0291959449,108397.24910936905,108353.4354491824,108376.48450014491
2020-01-21,108375.34550623491,108406.86958980629,108347.97664829773,108378.79966364162
2020-01-22,108384.78883882516,108404.918419788,108376.14933382091,108379.93569185062
2020-01-23,108365.53059144251,108395.46054885385,108344.27175903013,108372.0950134606
2020-01-24,108371.83279985153,108381.84867890744,108366.61081984991,108372.84620750943
2020-01-27,108373.31976995796,108378.78008448223,108367.23032122082,108372.66217526993
2020-01-28,108371.78877959437,108390.26797998617,108344.13757025734,108372.91182733035
2020-01-29,108367.25673000076,108385.31860502377,108332.9039074251,108369.68120257086
2020-01-30,108368.68992583505,108394.81792938334,108344.64992542201,108368.8731614322
2020-01-31,108368.32348893755,108382.3487512742,108364.24660079811,108368.33838514205
2020-02-03,108371.65631557889,108376.3838458819,108370.9352323072,108371.90266779369
2020-02-04,108367.27281261141,108388.68030544676,108363.53542475203,108372.90594897486
2020-02-05,108372.4470730004,108377.92603428467,108368.17690069346,108372.88928388426
2020-02-06,108374.91085580712,108407.47560822032,108365.89389940492,108377.47619387798
2020-02-07,108374.16724246426,108384.36261683077,108342.62963087123,108375.8104500887
2020-02-10,108375.3230834641,108383.45745158964,108370.12489144191,108374.64215917408
2020-02-11,108371.11408039149,108389.87799994061,108356.77317438474,108369.19189414005
2020-02-12,108376.58954368162,108408.0279196391,108355.40128701206,108373.8992116789
2020-02-13,108375.30296961254,108387.74732096781,108367.09495044166,108376.79220878349
2020-02-14,108382.31476124718,108415.43426668661,108377.69967145011,108379.54275291703
2020-02-17,108385.07063085424,108386.95709117314,108377.55410140798,108381.54944825637
2020-02-18,108385.28980779299,108387.38126710968,108360.05988431782,108381.87989401935
2020-02-19,108386.69566465334,108415.42923734177,108375.27911811727,108382.5263608369
2020-02-20,108381.33329354835,108386.85263574687,108351.0958001695,108381.7703410661
2020-02-21,108380.6371440437,108381.34919595106,108364.81882138301,108381.15953978893
2020-02-24,108383.79760296227,108392.69918604096,108356.01605594662,108381.32245062408
2020-02-25,108391.27019572494,108419.16382891696,108387.14157218375,108395.36976867032
2020-02-26,108406.22080741938,108407.16925163557,108396.64309786535,108405.59252027757
2020-02-27,108411.76700279802,108428.95084817834,108404.8063412666,108413.35867977452
2020-02-28,108417.93474442017,108426.81238039366,108401.13898138248,108419.04111157275
2020-03-02,108419.27657427941,108428.94464764453,108404.30515040079,108424.5011176231
2020-03-03,108436.24030475039,108440.07525429767,108424.4603219228,108438.9119376678
2020-03-04,108448.87720509633,108449.36879506755,108431.85405828273,108448.9386868847
2020-03-05,108459.87424864022,108473.61461817598,108448.08172627025,108457.20888911794
2020-03-06,108466.79424151756,108484.99945283425,108462.19365414852,108463.82416174933
2020-03-09,108467.14696867755,108488.17225189255,108456.43559725658,108467.38794810254
2020-03-10,108474.55263680097,108492.68803571092,108465.19515941566,108475.12050187266
2020-03-11,108484.12309644949,108500.9314239474,108483.78560738362,108486.61513401054
2020-03-12,108494.25205451412,108495.64779338532,108479.051401688,108493.04498502318
2020-03-13,108499.39328068966,108511.6176799033,108498.17093708868,108500.13601469119
2020-03-16,108509.06953090287,108512.4659071878,108493.81211872841,108507.25187728542
2020-03-17,108520.9453151698,108528.03693503972,108494.63222283528,108515.69025475741
2020-03-18,108517.22108637066,108528.4640878329,108493.6084764799,108517.31821124244
2020-03-19,108519.88455441206,108528.68040228767,108508.2487477128,108524.37661783458
2020-03-20,108526.37648443287,108543.84108080408,108505.52524774098,108528.95903576196
2020-03-23,108536.1229335682,108548.85889447262,108531.60014556107,108540.49737589221
2020-03-24,108541.8236521177,108548.93362716345,108540.35211083747,108545.41498118595
2020-03-25,108559.63898034561,108583.16416750866,108548.40390556534,108555.72316817516
2020-03-26,108570.50089670644,108581.95529658899,108563.01857587832,108569.82091798606
2020-03-27,108572.00600964621,108578.8641767202,108551.11661146853,108576.56653294094
2020-03-30,108584.12112443053,108590.35473708816,108544.21620530495,108582.16022793244
2020-03-31,108594.70708159119,108612.13021787198,108577.66785244811,108590.92595696895
2020-04-01,108597.8382171862,108609.29073309046,108563.4106320443,108598.91784085851
2020-04-02,108600.91540295175,108645.18928909532,108600.56163454326,108602.94337546916
2020-04-03,108611.77491999455,108613.38530185602,108611.49029806236,108612.78705313201
2020-04-06,108629.70293687667,108651.52829682759,108617.95355541156,108628.8491173459
2020-04-07,108637.73657981561,108653.73647793263,108608.38385125632,108635.81666936484
2020-04-08,108646.5518150947,108683.88793743828,108625.1844303438,108643.00516458058
2020-04-09,108650.46287110404,108658.24087376478,108645.51009648298,108646.82543648631
2020-04-10,108659.65800183773,108660.77668912525,108653.30854241994,108656.10179029305
2020-04-13,108663.19964968956,108666.9651532982,108650.72316624163,108659.11388539422
2020-04-14,108664.67032466622,108669.93252134953,108660.29836085037,108662.68616129682
2020-04-15,108671.2121105712,108685.47306561832,108661.31731383494,108675.8048303842
2020-04-16,108679.79012545808,108699.49092719473,108673.46563522925,108680.18301814662
2020-04-17,108693.45020996181,108708.26152997928,108691.77341609041,108692.50844842393
2020-04-20,108705.45650164406,108730.18040261643,108695.40136593796,108706.60588043908
2020-04-21,108718.37696883369,108732.34967667435,108705.67882871383,108715.64318626898
2020-04-22,108724.77610996382,108730.01308237092,108722.65301235372,108725.85675188038
2020-04-23,108738.88851456523,108759.04440524877,108736.75836598904,108741.66575565512
2020-04-24,108753.21173904517,108763.90972012114,108731.29158591332,108748.87884204686
2020-04-27,108756.50483178851,108770.58345590334,108730.95594316947,108754.5068188591
2020-04-28,108757.75165595257,108768.28051020493,108755.06763324667,108757.09389459997
2020-04-29,108768.04085019573,108774.9758137367,108744.50521147765,108765.26072292135
2020-04-30,108782.36490248304,108783.13244169993,108762.65428087571,108779.17729976503
2020-05-01,108792.03878872356,108809.24308744834,108779.79143898447,108791.01568129064
2020-05-04,108787.87433206827,108814.62448788749,108780.2501120471,108795.24731632495
2020-05-05,108797.79904643762,108806.82633735881,108797.54379178847,108799.82581478963
2020-05-06,108804.43939248352,108814.95871635486,108800.68014907779,108805.80912987226
2020-05-07,108812.0255995169,108823.3525330346,108809.46028322418,108814.97820220224
2020-05-08,108822.75298879559,108829.74758381247,108813.52943983578,108822.15695649383
2020-05-11,108834.59137867416,108857.36615049395,108830.40057796803,108831.01477227561
2020-05-12,108838.74701303217,108847.51885493829,108808.2506322264,108840.20172978779
2020-05-13,108843.60213743206,108859.86102410947,108810.03804975956,108847.00663544107
2020-05-14,108860.93004410739,108869.3832416813,108853.85658307442,108854.84593967466
2020-05-15,108862.31799636522,108890.56900167443,108855.79327427603,108863.67230918352
2020-05-18,108867.63753559526,108899.83350146284,108851.85346284324,108871.3364303694
2020-05-19,108882.06354557822,108901.29517423501,108860.79529315197,108881.35051382937
2020-05-20,108898.11106466744,108902.02652628123,108864.4502782376,108896.83401692267
2020-05-21,108905.08675579271,108911.4126589683,108899.51419977982,108907.20190606176
2020-05-22,108917.79650897115,108932.33866011955,108884.24022082335,108915.42514824739
2020-05-25,108915.21871543908,108944.71110577404,108907.18226578464,108916.68067375394
2020-05-26,108923.46364935183,108931.96092481137,108922.3215334464,108926.232502098
2020-05-27,108926.98156105653,108937.29096069929,108919.30623077022,108926.44578845095
2020-05-28,108931.12195903769,108938.53456872959,108919.28457042447,108928.80965210631
2020-05-29,108938.3266546426,108962.31214621026,108920.63182629195,108940.22820911619
2020-06-01,108952.04502602479,108973.51922371796,108944.51591167429,108951.05314935674
2020-06-02,108958.17291844513,108962.53240101156,108956.00375903337,108958.45339336334
2020-06-03,108968.08664988793,108971.8051902609,108956.96903618472,108959.61334893873
2020-06-04,108964.00227582769,108976.76930510896,108943.72357599651,108966.12795487118
2020-06-05,108975.56551639993,108987.37362223172,108959.15847796603,108971.41300159831
2020-06-08,108981.80332571751,108998.91167205214,108966.77300241767,108981.96036458283
2020-06-09,108998.61100070152,109007.15669758615,108989.07656874263,108998.99128671254
2020-06-10,109010.02400399896,109010.11476022238,109002.89777630319,109007.85900866435
2020-06-11,109015.42373585186,109018.08418759351,109003.39794427274,109012.74176415223
2020-06-12,109019.86060495388,109041.07792306095,109010.41225274005,109016.05955803102
2020-06-15,109024.82113611336,109028.80855972902,109009.49638718217,109023.83518090795
2020-06-16,109029.32681896462,109044.52575186394,109025.40217607179,109031.12800813389
2020-06-17,109032.90899318323,109036.92016427171,109026.55457858091,109034.52193149578
2020-06-18,109044.5163120112,109072.48609013925,109028.05992819273,109042.98735243855
2020-06-19,109048.12639796513,109057.50173837683,109046.24523412889,109046.3836983533
2020-06-22,109063.02628026232,109067.72307934465,109027.70937699606,109058.83212744023
2020-06-23,109072.33802122962,109096.71126883173,109069.93652905253,109071.08272986337
2020-06-24,109086.60223972033,109107.82310435052,109035.52038757966,109083.42173492456
2020-06-25,109094.07584614647,109119.3766960286,109074.50075170562,109089.52553304212
2020-06-26,109100.078016929,109110.96754388,109092.13277881806,109099.5836152954
2020-06-29,109102.59866131975,109118.53137752519,109095.11315665889,109107.05533727452
2020-06-30,109109.96225776941,109114.43909291577,109067.59484746584,109113.50008902891
2020-07-01,109115.83009779577,109129.47371913848,109113.50312360605,109120.14350640035
2020-07-02,109127.71941645125,109129.08736457935,109120.27137089276,109122.9446453082
2020-07-03,109122.62696474014,109146.19434748797,109093.79016666581,109125.16919052463
2020-07-06,109140.04197438435,109150.31616336611,109115.65020642274,109136.34644968812
2020-07-07,109145.33870380714,109150.45303389557,109114.99321262265,109143.58150807244
2020-07-08,109157.59301485747,109169.68817352742,109148.67854139315,109152.44720747696
2020-07-09,109167.46333048923,109180.58195404202,109153.59319585319,109164.45404903077
2020-07-10,109165.21440826707,109180.90727689942,109127.11671203413,109165.52151905072
2020-07-13,109169.78490740426,109187.37974742308,109167.69945168162,109170.38499875544
2020-07-14,109179.34184128913,109200.1567857727,109173.93035732034,109179.0863381293
2020-07-15,109189.18050013167,109210.30760284452,109178.41827612366,109188.65471727597
2020-07-16,109193.55418846098,109202.20983455444,109192.18580914463,109195.14641947436
2020-07-17,109207.1652515124,109245.80001170748,109190.03165719121,109207.26313640516
2020-07-20,109220.93267634649,109235.86332109259,109201.89990160115,109216.10471616048
2020-07-21,109214.14477267268,109233.52437495475,109203.72534158315,109219.25118760516
2020-07-22,109224.30359691978,109228.07020254487,109214.57660955927,109223.5281325012
2020-07-23,109232.02915832524,109251.28035523696,109216.89542789332,109234.75001674319
2020-07-24,109245.16645381742,109249.31694706783,109228.09083095024,109244.605342569
2020-07-27,109247.5286649386,109251.02241507366,109244.68192257939,109245.00909761297
2020-07-28,109258.22711628706,109268.76047520278,109237.86225419553,109258.39994682843
2020-07-29,109271.11101571235,109300.07011881804,109248.01762087057,109268.7920549528
2020-07-30,109277.39590869944,109310.75723544844,109257.14964018966,109282.1654269036
2020-07-31,109291.95159071728,109297.66713744008,109277.97391179187,109288.63062337929
2020-08-03,109293.63841076601,109300.42066570347,109292.10797055287,109295.44779849396
2020-08-04,109300.80919436432,109309.50343733755,109292.42224632695,109298.94197015495
2020-08-05,109317.63703272342,109319.87957570405,109316.61633196639,109317.08968843549
2020-08-06,109316.63118499648,109337.55194606428,109316.25927184557,109324.38787153385
2020-08-07,109336.46981193777,109341.02903133378,109331.4184313439,109338.73800430218
2020-08-10,109344.81035960044,109351.07023943854,109333.66346059382,109344.14883449663
2020-08-11,109357.46612751068,109367.85980650976,109320.33944647865,109352.80419926597
2020-08-12,109354.9805941774,109385.46143403364,109350.6903902444,109354.11878931969
2020-08-13,109361.36040836394,109383.536080246,109351.50025160878,109360.58732072462
2020-08-14,109368.28428808933,109406.69689990983,109348.75336355099,109372.52234035822
2020-08-17,109379.8088051855,109394.52073099125,109364.62996005053,109375.51536509593
2020-08-18,109393.22550626122,109408.43047575216,109377.0083780639,109387.80427527566
2020-08-19,109397.23895166843,109418.36265632819,109385.77747076128,109397.15322653906
2020-08-20,109400.31815169446,109402.75384836682,109397.04284851739,109400.97742283912
2020-08-21,109402.11388460598,109419.15169094302,109401.33822419752,109406.9710337534
2020-08-24,109415.78473422346,109424.59264812856,109408.55898399439,109413.13477104659
2020-08-25,109429.0435316719,109443.5490853064,109404.31914920028,109420.93669369482
2020-08-26,109428.94345705541,109441.00196586402,109407.26682423874,109426.79211783105
2020-08-27,109435.2740767823,109437.22559617272,109425.89343657337,109431.48296622784
2020-08-28,109439.8908772989,109468.51958811963,109401.11928662231,109438.26461541776
2020-08-31,109439.20200880362,109444.53353649192,109427.8594544935,109442.15705646333
2020-09-01,109449.00896806583,109450.35921946411,109442.93594964732,109444.99895017277
2020-09-02,109449.10251954432,109463.37809736481,109435.8579662675,109452.80624424273
2020-09-03,109463.70574642796,109475.13604313652,109460.02932551446,109464.33774114495
2020-09-04,109467.05680955948,109495.35315284923,109445.40482890603,109466.22025432448
2020-09-07,109476.88301591267,109495.02918020124,109460.00124260185,109474.23428693034
2020-09-08,109480.88241914743,109496.64167479094,109478.12321116653,109479.63446215114
2020-09-09,109484.88638390509,109497.02154103461,109478.57537046899,109483.72588040259
2020-09-10,109492.85516680818,109513.12191635268,109491.43608690937,109495.13963101346
2020-09-11,109497.1988380152,109532.59008891441,109482.14656117228,109501.06695225708
2020-09-14,109515.24460099413,109520.22723877033,109500.16867585856,109515.06015898935
2020-09-15,109517.81021720104,109530.70057177187,109512.96853004284,109519.94080153276
2020-09-16,109525.56345262306,109535.90279492436,109525.16007404278,109529.48680950726
2020-09-17,109532.77983806653,109552.5498622433,109528.98645318238,109536.57767748104
2020-09-18,109540.091204822,109555.22760842822,109531.82582785063,109541.56159024453
2020-09-21,109546.35455383432,109573.70648982318,109532.56016512716,109551.91229041484
2020-09-22,109555.24995401401,109580.54103288578,109554.34088179178,109559.29236012255
2020-09-23,109564.7997916582,109570.75832267251,109558.04981815684,109569.7052024454
2020-09-24,109578.06281480788,109587.75476434753,109572.65133868225,109577.51603641653
2020-09-25,109582.39672408388,109593.64291330136,109559.99952770604,109581.17277139533
2020-09-28,109594.78591731213,109618.09906905451,109573.75017919188,109588.76449442258
2020-09-29,109592.47972570294,109612.74409133068,109580.99323562195,109596.97231510063
2020-09-30,109606.76737603942,109626.5242366739,109600.06233081082,109608.80616691615
2020-10-01,109615.9189250548,109621.54734507938,109589.32788580625,109613.18109088682
2020-10-02,109620.37345005877,109632.54018622737,109619.53197362417,109621.02377147375
2020-10-05,109621.1552627367,109623.67634303075,109608.18365666854,109622.13625655283
2020-10-06,109637.86973790423,109641.08490220303,109612.89697483585,109632.7422287942
2020-10-07,109635.40107841707,109651.22869157132,109620.4843259456,109636.41629689564
2020-10-08,109633.7222742033,109661.15081523333,109624.59407000276,109637.1908588113
2020-10-09,109641.00317159461,109659.08541494273,109638.23468417821,109644.9539914742
2020-10-12,109658.3838142758,109680.16917266074,109655.43014021333,109657.37673130886
2020-10-13,109660.19466832622,109689.63321087793,109644.49091316156,109659.27894351601
2020-10-14,109658.8116940636,109672.67854786482,109651.69736633703,109662.92680117446
2020-10-15,109664.99751283706,109685.74258358391,109649.63768534243,109667.95370161024
2020-10-16,109673.03985293831,109680.79234742216,109664.2228914318,109671.43571502487
2020-10-19,109682.68522689579,109683.84250202202,109651.36511332917,109680.95342657821
2020-10-20,109683.79429054722,109689.96542778223,109679.43343131214,109685.72395679803
2020-10-21,109692.70454645775,109708.92389023134,109687.79352821615,109690.8378978522
2020-10-22,109702.8866832088,109717.7358457117,109697.59693676895,109701.17111944692
2020-10-23,109700.79981567689,109707.60672052363,109690.17567488318,109706.14906092305
2020-10-26,109714.94399006283,109720.6847402178,109708.67611767047,109715.88018131418
2020-10-27,109721.2400174,109737.19336909309,109719.6942524177,109719.99464062664
2020-10-28,109721.4268594633,109728.94406850888,109696.50628161296,109723.14608656979
2020-10-29,109717.38749380612,109727.75347892016,109708.27784486255,109723.80428941302
2020-10-30,109738.40005639628,109754.56940982357,109730.33471405081,109739.24910056067
2020-11-02,109748.22434391198,109748.30206043925,109742.6449967411,109745.96806443215
2020-11-03,109759.68501466137,109764.18961154816,109733.73030718652,109754.94379790394
2020-11-04,109756.24725188426,109764.73469763823,109754.90470090424,109762.81959986802
2020-11-05,109779.29941093274,109781.87916274273,109758.70506777508,109771.45944689604
2020-11-06,109776.27678382046,109789.67888352892,109761.99913480174,109779.65819281354
2020-11-09,109798.16197358276,109804.191314869,109794.83441766218,109795.29106097035
2020-11-10,109802.83794881812,109814.07923444794,109774.14921181052,109799.13535460652
2020-11-11,109803.85455808253,109813.55230883452,109789.87585151926,109800.90550618213
2020-11-12,109805.30652294686,109824.59994008733,109792.32462817346,109804.85766750819
2020-11-13,109804.03457848109,109832.91374061836,109800.57472126943,109807.51883146916
2020-11-16,109820.38635604303,109826.28271622688,109815.37659466288,109818.50667967908
2020-11-17,109827.64249298691,109836.00682269297,109817.84339997898,109829.78819251724
2020-11-18,109826.37484550632,109836.51951802125,109812.53481325261,109833.94293033663
2020-11-19,109844.86788313194,109851.65024200044,109825.72263329638,109836.38118723079
2020-11-20,109845.08630668411,109852.78405179904,109835.5777904586,109842.96200061822
2020-11-23,109861.98072751518,109873.72535136703,109817.21018778103,109856.52649612972
2020-11-24,109850.51335003604,109855.91953118857,109849.16799963261,109853.24821845852
2020-11-25,109867.75723400482,109885.25269434201,109859.52157430052,109863.35472553459
2020-11-26,109871.82131209924,109891.83890691657,109856.66465562375,109867.0517046248
2020-11-27,109883.87682178448,109898.8281025391,109857.48470984433,109879.21317321097
2020-11-30,109882.83785844783,109891.51087215,109865.00456204072,109882.90147744746
2020-12-01,109886.15242800736,109902.2290203699,109885.23794673283,109889.7598141386
2020-12-02,109891.20275931545,109902.76214633534,109886.70834530583,109891.73469773604
2020-12-03,109889.21735899274,109912.711142491,109861.54484494448,109895.82566633404
2020-12-04,109904.26298581802,109912.63649158755,109866.62514716526,109909.36902298623
2020-12-07,109920.92715407323,109932.96979000457,109907.32314894178,109920.65133772978
2020-12-08,109924.07046972388,109932.64123105843,109908.25209205975,109927.04466512118
2020-12-09,109931.07063507401,109943.05143119763,109921.71295354243,109931.56397564037
2020-12-10,109931.66174784012,109934.87084203422,109925.6678623604,109931.98874709432
2020-12-11,109944.20630139227,109946.83287989834,109931.2144393455,109938.41412024671
2020-12-14,109950.18338694562,109950.7204314248,109945.96743948162,109946.29050723636
2020-12-15,109953.81967205254,109962.30352148996,109929.95042499533,109953.95428980503
2020-12-16,109965.20582069564,110020.12204784874,109952.32939642733,109961.57912209313
2020-12-17,109962.75274415014,109966.48441781406,109957.54729744594,109965.09188358422
2020-12-18,109971.81609697048,110001.27030371182,109953.07473387755,109972.82678804276
2020-12-21,109983.40276745497,109987.06559272851,109967.18590905519,109980.67209452462
2020-12-22,109990.10936094313,110010.79624877167,109983.16746204828,109993.83434267584
2020-12-23,110008.46433430833,110013.40956107201,110003.52100809803,110009.30127649324
2020-12-24,110012.79078280531,110022.59486930983,109986.4139745217,110016.75332038557
2020-12-25,110022.04051380436,110024.73867786222,110014.00355781625,110021.68809658087
2020-12-28,110034.32571532858,110036.32165473228,110028.12281957666,110029.42816806182
2020-12-29,110032.74139229351,110043.23630735048,110019.92616399561,110034.9976829608
2020-12-30,110040.70558618556,110049.46242858894,110034.90988764405,110040.02794769782
2020-12-31,110045.10138138522,110061.65178655916,110029.3978689211,110047.79334709013
2021-01-01,110048.17148253579,110069.44256306547,110046.51461540005,110051.62012936552
2021-01-04,110058.33700780911,110062.27785546795,110054.43945577505,110062.04455637014
2021-01-05,110073.99315041762,110088.33722135302,110038.91018054422,110069.6288941734
2021-01-06,110085.7162338127,110089.46699945087,110078.31218260048,110078.62892740084
2021-01-07,110087.34629837288,110088.42881462385,110076.11852494926,110085.89716725696
2021-01-08,110088.83927056054,110093.5438891652,110086.2999538785,110090.98814946794
2021-01-11,110097.31098613198,110104.25352695739,110080.91709591179,110095.19631122895
2021-01-12,110101.24423663263,110114.64674200396,110082.17285699784,110102.24720721165
2021-01-13,110110.45636090456,110114.05193022401,110097.64610330423,110108.05216586194
2021-01-14,110117.86075210938,110127.96799458891,110098.60154744763,110116.98777119478
2021-01-15,110125.80915683456,110137.5084642388,110108.79744289798,110124.97004438199
2021-01-18,110129.34264556842,110154.23020363694,110127.34098821423,110127.5208173903
2021-01-19,110134.05082167708,110139.98986772123,110119.27004837822,110135.78930258802
2021-01-20,110137.2047574501,110142.78439317331,110119.68509318808,110138.41786091945
2021-01-21,110138.78821364722,110165.92706153584,110135.60723919496,110143.95195041738
2021-01-22,110149.44892765614,110167.09245329961,110131.57787943483,110150.7745359805
2021-01-25,110146.20644479866,110158.48101193781,110136.38619296823,110150.47344286885
2021-01-26,110158.40542906318,110164.83042069152,110144.96885123789,110158.8394726603
2021-01-27,110164.570513211,110202.74136993922,110161.92254561729,110167.44340605916
2021-01-28,110175.11501254642,110181.00961936057,110148.22570897493,110174.81130928546
2021-01-29,110182.47375811481,110190.67854029438,110179.42278901247,110181.11404019556
2021-02-01,110183.35925784193,110190.18621753012,110173.66109185263,110187.61962555513
2021-02-02,110189.27363039795,110212.92807932686,110187.05863008255,110191.71346768069
2021-02-03,110195.80473049627,110218.65609717713,110188.88384110048,110198.63466620177
2021-02-04,110206.66369926295,110212.76837213899,110190.3625114699,110204.42421898771
2021-02-05,110217.91004664064,110223.78748809246,110190.9860694,110212.79096055847
2021-02-08,110218.5290260464,110222.12900090597,110206.43417199179,110215.97441620029
2021-02-09,110223.86851905324,110242.49203272816,110206.4976392644,110224.91677583633
2021-02-10,110237.88467057915,110259.50953851755,110218.02608175491,110233.48965141024
2021-02-11,110236.3810768722,110245.8411600464,110229.54164926441,110240.92340008153
2021-02-12,110251.66465494556,110273.5065739253,110229.0971746257,110247.16658078918
2021-02-15,110255.40729774017,110270.85967039829,110250.54601838587,110257.37594035907
2021-02-16,110250.37665388643,110276.0075052589,110227.68659058382,110258.71753353189
2021-02-17,110276.51176110173,110318.94727354814,110261.30896650211,110268.55934688447
2021-02-18,110282.26556597221,110295.44032774822,110270.76264120861,110277.53149674923
2021-02-19,110283.569350738,110295.55774599232,110271.63021695067,110286.66500191936
2021-02-22,110296.70527823188,110309.78025302045,110284.58701198042,110296.1982522891
2021-02-23,110300.94017630597,110353.35959599662,110286.91142742468,110301.58367466273
2021-02-24,110308.8524968394,110317.77583391694,110286.78750165158,110308.54583442952
2021-02-25,110314.64420844176,110321.74867591348,110310.76543780464,110319.09406775438
2021-02-26,110326.77214278272,110343.33373358625,110325.97475709612,110328.81662473072
2021-03-01,110339.04735964072,110348.22136193853,110336.48677688128,110337.64347579249
2021-03-02,110340.25428332188,110349.07952942757,110333.43841284748,110339.58619481201
2021-03-03,110353.33545880156,110356.5398728498,110328.1694730853,110349.73774327154
2021-03-04,110362.6548780118,110372.56852846828,110356.06153790811,110362.41562723952
2021-03-05,110381.50197826939,110403.21597829135,110363.60312659989,110374.4543132117
2021-03-08,110381.24263073526,110399.36297873945,110362.55094604423,110383.38982540676
2021-03-09,110385.9371081682,110392.79661393914,110363.8398544878,110385.15911099235
2021-03-10,110391.18033656146,110417.75726372148,110386.09745481376,110396.92929024926
2021-03-11,110400.58087231609,110428.6201763509,110374.48045531401,110404.34027170239
2021-03-12,110406.19577099291,110425.64880784134,110393.21452825639,110402.21019311012
2021-03-15,110408.8906144201,110423.00328517475,110399.69706718181,110411.71902272254
2021-03-16,110415.34236111223,110433.32063240508,110413.48448295216,110413.75033559023
2021-03-17,110416.37926069739,110419.15874532187,110393.06812702556,110416.56457326944
2021-03-18,110418.89109082689,110425.5443280963,110398.38737288752,110422.02473769995
2021-03-19,110434.07035458891,110436.3275081403,110423.89463995899,110435.11510241148
2021-03-22,110440.08902009083,110444.45349293895,110430.6835211957,110441.63172099477
2021-03-23,110449.25358974034,110458.51497971735,110429.40796846627,110450.71568734571
2021-03-24,110467.9683838335,110473.89098186813,110464.58080475955,110465.70755920072
2021-03-25,110482.0407119146,110494.85926950595,110464.62399125544,110480.08367825135
2021-03-26,110485.93798749817,110491.29118746184,110476.22505120691,110487.67026458804
2021-03-29,110491.98287208828,110499.10032308313,110470.84038991519,110494.7041804998
2021-03-30,110498.50770996699,110500.18551047085,110481.00495167397,110497.66069796344
2021-03-31,110502.58281943145,110509.4916768306,110493.48233379987,110502.8828656667
2021-04-01,110515.6691464445,110527.87740715346,110497.21209445661,110512.58429905715
2021-04-02,110530.13310281624,110534.20507009077,110504.16030208011,110522.1672221044
2021-04-05,110533.13694833237,110537.5603042891,110510.52451818607,110530.60817502909
2021-04-06,110542.48319084616,110548.47345048648,110538.38749365733,110542.58738165935
2021-04-07,110546.98177769459,110569.77443773844,110531.46885141713,110547.49790960722
2021-04-08,110552.7035211651,110568.86516960712,110550.92795986765,110555.27360352648
2021-04-09,110563.47855712731,110582.07047317269,110553.1889259622,110566.19857548046
2021-04-12,110573.52491257388,110586.72257363157,110551.71379564652,110576.53515910538
2021-04-13,110587.63293669409,110595.12123384667,110582.89378397347,110588.81894220831
2021-04-14,110597.12559349807,110623.24752545057,110589.78404539598,110598.40702383536
2021-04-15,110607.40060573266,110621.57082921396,110599.17416683213,110605.16941361298
2021-04-16,110613.42118560903,110622.32969225789,110583.25136152776,110614.61818265403
2021-04-19,110618.01545271919,110630.91857250211,110606.44843747269,110618.6078018685
2021-04-20,110549.3746065301,110570.76048964506,110532.62512384818,110553.02942860677
2021-04-21,110581.19002673026,110592.29146192873,110570.70247779063,110576.25629984266
2021-04-22,110575.57164575857,110579.16422678251,110572.60258239308,110574.05068652981
2021-04-23,110591.75369109416,110597.53904979397,110574.36266211487,110586.38707158649
2021-04-26,110520.87035440894,110527.32798121919,110512.65056357018,110518.47969703283
2021-04-27,110508.34404389956,110512.92397254713,110480.37798476098,110503.87513604382
2021-04-28,110479.13538891822,110491.1481149897,110464.74524302779,110479.88085149456
2021-04-29,110447.46384932897,110447.86160094944,110431.54305385066,110445.3123669051
2021-04-30,110363.22828575512,110371.95597266086,110351.68663235828,110355.11176664659
2021-05-03,110338.0462239763,110342.39291958454,110327.55917003937,110341.71682736112
2021-05-04,110381.13780575295,110387.99445928699,110371.17778854152,110377.60899888776
2021-05-05,110397.94274041755,110414.2427378843,110384.87717720284,110392.84890776231
2021-05-06,110370.07442610881,110372.5889205387,110342.8276812022,110368.81104337568
2021-05-07,110370.51164181682,110375.6858243949,110341.52359590038,110368.21600450967
2021-05-10,110402.32691112232,110406.20230287005,110398.21434245529,110398.48800771918
2021-05-11,110286.06040771512,110299.61109817683,110285.43882987065,110288.07129321301
2021-05-12,110284.34206652519,110292.48081202942,110281.83084972716,110283.08983134075
2021-05-13,110302.15382242115,110342.04379386056,110299.34715809354,110304.81783722801
2021-05-14,110330.02924111341,110336.63991192622,110324.92368427484,110332.10298223738
2021-05-17,110398.23750228094,110405.18328218919,110383.17461003465,110400.13219051778
2021-05-18,110445.09521286357,110451.19491242411,110438.11814844323,110445.53401768164
2021-05-19,110458.48585798693,110496.98283094158,110456.12679208662,110458.03653107148
2021-05-20,110471.50467081716,110473.36260599789,110470.11386632713,110470.1155713161
2021-05-21,110497.24065916645,110512.19116577075,110495.62822545561,110501.59338523589
2021-05-24,110486.10063171171,110506.87095146946,110477.4573487949,110480.02030544619
2021-05-25,110481.96337011874,110485.77315743512,110463.42409450698,110478.41278324847
2021-05-26,110516.89303167978,110528.5560687709,110514.5321614162,110514.6623433716
2021-05-27,110591.8605607926,110596.23764200858,110589.24964751356,110592.96015196742
2021-05-28,110586.31553973795,110589.0878756095,110585.5437424363,110586.58945973814
2021-05-31,110586.33693142685,110594.73551498528,110569.6080658434,110584.65343216495
2021-06-01,110593.85695987564,110594.64690156578,110580.14313137534,110592.59263991646
2021-06-02,110641.15760036254,110666.63318514991,110625.40749357665,110646.32078767677
2021-06-03,110647.38609332601,110650.76489502966,110642.21852683423,110645.10825553321
2021-06-04,110712.84735975726,110724.48245289856,110693.18021606955,110703.88261699205
2021-06-07,110659.53645844445,110694.75391242992,110643.61564009007,110665.2163282949
2021-06-08,110660.83390933032,110671.43163234596,110654.20328799484,110657.77487646542
2021-06-09,110650.98377612323,110655.06278402162,110641.9727943826,110649.84827019801
2021-06-10,110680.96525350271,110699.06498703087,110654.5531157777,110681.30849916185
2021-06-11,110727.33996146105,110742.62659136046,110697.77382186396,110723.11891424099
2021-06-14,110659.10035097701,110687.69878044036,110658.61613396414,110662.74113991625
2021-06-15,110626.63771986215,110642.87755766988,110624.55892465904,110626.13643488381
2021-06-16,110644.11639799064,110645.88435171092,110623.60890616049,110639.61053403486
2021-06-17,110612.65649256493,110617.13950238893,110611.60930675795,110613.26278819943
2021-06-18,110551.07788807445,110555.05309599849,110542.02000367704,110552.36567717353
2021-06-21,110594.25880772166,110598.79089577425,110560.98626061808,110593.90487605447
2021-06-22,110612.2934133766,110616.66849575621,110596.17747647065,110613.66367942061
2021-06-23,110638.15828548593,110649.894717453,110631.92646618419,110633.39077929505
2021-06-24,110611.57740731619,110645.92748896641,110598.86948598691,110614.3729506372
2021-06-25,110658.22128253488,110668.29646171293,110639.48580650824,110655.53048872389
2021-06-28,110642.0720374681,110676.32260619232,110640.54161785377,110645.9320888668
2021-06-29,110691.85221718789,110692.87160379862,110683.9910263347,110689.78949997973
2021-06-30,110652.9994955333,110653.39093976431,110616.97478554866,110653.32289394202
2021-07-01,110611.1919901207,110644.29109358812,110597.80003241227,110619.15747603467
2021-07-02,110627.32557499851,110637.66652696549,110626.61065057354,110627.34400445857
2021-07-05,110595.96036740286,110612.25358989742,110586.07976044332,110599.25071862669
2021-07-06,110624.89841670367,110627.70653807784,110623.68273638752,110626.26876124144
2021-07-07,110641.41692640255,110666.43192093025,110618.6295617066,110636.67227100661
2021-07-08,110596.30767903096,110627.82840544886,110590.18574450022,110599.75342229208
2021-07-09,110599.39819505271,110620.75795627448,110597.78494587094,110602.66804632988
2021-07-12,110593.05958737302,110608.61016453004,110581.93247070421,110588.6169388024
2021-07-13,110625.60784273087,110632.22056091158,110608.27826014292,110625.25025196947
2021-07-14,110604.70232539512,110610.97712204332,110584.75018705237,110599.94813264234
2021-07-15,110583.37903094577,110597.39574371047,110576.26477318071,110582.38120882343
2021-07-16,110628.10949102366,110641.61820197786,110623.45069830005,110630.83068503848
2021-07-19,110720.16991849263,110729.26000710657,110703.69284276174,110720.37442060819
2021-07-20,110804.12715246865,110816.52723415008,110798.3200448147,110800.33476717731
2021-07-21,110805.76620331827,110817.0897389187,110799.55886368337,110802.86368764372
2021-07-22,110811.62061052269,110813.09828653537,110805.60264717131,110811.61787592646
2021-07-23,110873.1066534299,110894.88401595328,110871.49209156609,110872.95622241776
2021-07-26,110867.63172884763,110883.66474082283,110855.25193006781,110867.97883016798
2021-07-27,110827.14086316875,110837.5877890184,110804.12596717193,110828.92486468249
2021-07-28,110839.55752782806,110840.6219685559,110801.31870047422,110833.59988857993
2021-07-29,110851.68273931171,110857.42706117519,110845.8173673689,110851.66055980122
2021-07-30,110815.00584773211,110846.8334823367,110809.00047005364,110818.4945750885
2021-08-02,110751.17407678269,110764.40312842093,110747.66168754746,110752.64532942853
2021-08-03,110697.41660842866,110705.74794821975,110676.23323308225,110695.17614884637
2021-08-04,110723.77199850889,110724.26002073025,110715.26836684447,110721.79332021326
2021-08-05,110691.03526245676,110700.25252213559,110689.87525983815,110691.45825956078
2021-08-06,110683.74260499603,110699.80259526354,110680.3876599479,110685.80437586593
2021-08-09,110694.38046960227,110695.25461134578,110692.41481302623,110694.30672323945
2021-08-10,110713.91029575308,110719.32757081221,110698.90473757501,110719.07235840324
2021-08-11,110701.66091680957,110705.87931904958,110691.52792943716,110705.67624645469
2021-08-12,110728.08907325634,110738.70885499785,110714.91495087468,110725.62487447393
2021-08-13,110688.54415640465,110697.0967734723,110680.52092821676,110690.02246278909
2021-08-16,110676.71035356366,110693.54626029775,110673.60937468719,110675.55390176197
2021-08-17,110638.33505584966,110645.23593489,110618.15313135674,110634.57727825045
2021-08-18,110681.85170438242,110684.16225843065,110679.59307448957,110679.84796690493
2021-08-19,110678.82820674221,110679.45425405542,110663.41857298976,110678.76463778225
2021-08-20,110655.75628387062,110663.56084338886,110635.35704730036,110649.19233827703
2021-08-23,110637.15696274367,110652.38783581261,110625.95579560426,110635.09746635443
2021-08-24,110625.13494609368,110640.41124038128,110621.7734982436,110626.2283271255
2021-08-25,110656.50720895788,110662.14511132504,110651.33585023778,110654.2491187785
2021-08-26,110591.68171113278,110604.83249245684,110589.3474286932,110590.4236716511
2021-08-27,110546.29548006922,110550.71081077223,110532.2511132426,110548.93543798607
2021-08-30,110534.036193536,110552.8235465257,110503.51696039969,110533.81114792377
2021-08-31,110634.59450863331,110635.50247884262,110629.74828250663,110635.10338123448
2021-09-01,110667.26587990466,110704.45762605664,110644.84840029248,110673.33053693577
2021-09-02,110668.34071539872,110688.94070827482,110650.2384628804,110668.87246977053
2021-09-03,110696.4792870284,110698.97021938735,110666.88813910999,110697.35245306697
2021-09-06,110778.29798184709,110797.21607652816,110763.24125508913,110779.64989985217
2021-09-07,110765.2268523866,110773.27349838967,110740.118664916,110770.30014278117
2021-09-08,110754.54965896251,110768.90111266491,110729.9611174762,110755.64360901726
2021-09-09,110803.99894447396,110835.62449149563,110784.66396663213,110804.12135074614
2021-09-10,110824.20275729358,110831.66803150733,110822.17965311035,110823.88837067146
2021-09-13,110847.23961808298,110874.27236450402,110839.20272827244,110850.74169688436
2021-09-14,110832.36348089042,110840.55594908595,110803.41636484806,110830.41280091314
2021-09-15,110903.63191213144,110913.36202552916,110898.57259220618,110907.38092620684
2021-09-16,110975.0744346253,111004.51630830909,110965.1334058624,110975.76455827059
2021-09-17,111002.42744598686,111018.21789498816,110995.63844503733,110998.4024698255
2021-09-20,111023.63879144537,111059.47950590121,111009.522591544,111025.77406335139
2021-09-21,110943.10862342776,110945.67166615759,110937.67975192647,110944.68362846167
2021-09-22,110973.50207943357,110978.72248967682,110970.08914329034,110970.19202020156
2021-09-23,110961.2435362281,110968.67646273602,110955.4715549178,110962.42767671254
2021-09-24,110978.86813579022,111011.90249236293,110973.71461116373,110979.78390494567
2021-09-27,111007.76435747455,111014.16649774251,110978.59860442023,111007.08228141951
2021-09-28,110996.66586801466,111021.7660452323,110987.99700184942,110993.43061069518
2021-09-29,110919.01746095483,110954.44707490127,110916.10084199363,110925.8113386877
2021-09-30,110937.97280783307,110958.09467660202,110928.69658792653,110940.52632129067
2021-10-01,110907.76623487062,110919.40172804437,110896.43402916215,110910.87097519306
2021-10-04,110894.31997104082,110932.89829056441,110872.35893151688,110897.66321148408
2021-10-05,110870.84946729428,110880.02293653604,110854.16589051233,110873.48281772032
2021-10-06,110857.2352025834,110862.63751308029,110843.53807487461,110859.81984751011
2021-10-07,110768.36665737307,110784.94738386139,110765.97724184429,110767.43900921947
2021-10-08,110813.3805112223,110824.00732106998,110806.98585473937,110816.11689430873
2021-10-11,110826.62749123566,110835.51433087539,110796.9079026145,110826.25073840178
2021-10-12,110871.94097064316,110882.5942247925,110835.21323001746,110870.70670891854
2021-10-13,110947.6562225689,110957.56082016611,110942.23579067698,110949.90038211094
2021-10-14,110951.20573553968,110978.03305504684,110940.1134502169,110950.80410701345
2021-10-15,110883.73921412617,110914.21309702488,110861.89925304515,110878.70665677983
2021-10-18,110843.94134465729,110849.18509116842,110833.28252585855,110842.95118276465
2021-10-19,110792.71606525719,110803.81021353879,110786.22691578214,110794.67500352877
2021-10-20,110774.40045596974,110779.6808487548,110749.95775946895,110774.60001780298
2021-10-21,110774.97211082724,110801.18041479343,110761.16441023546,110777.78593692562
2021-10-22,110698.52985489677,110718.83353461976,110674.01011234184,110697.69844624469
2021-10-25,110714.04481339669,110721.53951389772,110696.81042227983,110711.39746597834
2021-10-26,110648.46936696266,110658.77902694521,110625.61321808265,110650.98319984692
2021-10-27,110662.23597885307,110663.95614944621,110657.21050498274,110662.87781035891
2021-10-28,110661.91005297498,110678.74841867188,110625.2913629255,110658.49816455183
2021-10-29,110644.42745785655,110653.06331958115,110622.6494908195,110645.95291498413
2021-11-01,110643.60750025552,110650.99947734676,110640.05323691116,110643.03119274648
2021-11-02,110618.30167971704,110630.46324713077,110601.44320555941,110621.44007211721
2021-11-03,110594.43085704932,110613.20234510502,110593.77862904099,110596.94121438105
2021-11-04,110528.0605691776,110533.05779458999,110522.42587098414,110529.63095874629
2021-11-05,110534.97482622195,110549.1148369118,110521.66717584596,110528.44586615231
2021-11-08,110601.04006415325,110618.22569574547,110578.93838888427,110602.26721457725
2021-11-09,110679.89714103442,110688.31336526372,110658.38037186445,110681.48701709263
2021-11-10,110732.670140369,110734.60728266984,110700.60239608731,110734.35972095442
2021-11-11,110762.09497792632,110782.68727979476,110748.05115320909,110762.59178498849
2021-11-12,110737.50037038035,110739.24022053463,110708.87639760472,110735.53258002529
2021-11-15,110793.81108286495,110805.31649556861,110787.73320974437,110793.24261155394
2021-11-16,110791.19154536027,110801.78098496706,110764.61100028161,110785.01810133617
2021-11-17,110777.38398263733,110779.1738801728,110776.67561323734,110776.74259929713
2021-11-18,110771.91990321784,110784.10507166115,110765.9521888116,110767.57769076977
2021-11-19,110760.77567171391,110774.65844017659,110758.48536283644,110759.94553836584
2021-11-22,110752.02142325483,110762.84444927053,110743.01123551244,110750.20467875949
2021-11-23,110737.53875026284,110750.76900626619,110732.88759534176,110741.86955008199
2021-11-24,110729.14997530267,110746.96157113726,110722.31135896941,110729.53115364708
2021-11-25,110719.82965560624,110724.51241895588,110714.82105590907,110720.03649882812
2021-11-26,110720.42985368724,110725.79599892387,110708.23875567556,110721.15872470793
2021-11-29,110706.42171271451,110714.7373643201,110702.07704823324,110712.88034859608
2021-11-30,110706.5675797226,110717.857086001,110701.76459790359,110703.92570633699
2021-12-01,110696.89375246436,110704.67980197909,110677.30763886904,110698.0552034534
2021-12-02,110691.5734767735,110695.2948799205,110685.97230976215,110692.88769074023
2021-12-03,110679.66710092041,110703.3868604484,110678.02159671824,110680.43261530354
2021-12-06,110670.9197426057,110694.09872630173,110662.87692304589,110671.60398017232
2021-12-07,110668.49837879842,110672.38143180728,110661.18530923291,110667.27708353606
2021-12-08,110656.54333729765,110684.51300016028,110640.2258144488,110660.35643405234
2021-12-09,110650.0511240556,110653.49355147498,110642.4534258691,110652.84425022635
2021-12-10,110651.9322207885,110657.64093095568,110624.15166046753,110651.0603209008
2021-12-13,110640.78597829619,110654.0396458028,110620.17997416723,110640.34922986223
2021-12-14,110631.55024901594,110637.06093083567,110630.9352278786,110632.68021344267
2021-12-15,110620.87824156471,110658.82771184437,110614.66059693664,110622.59997878164
2021-12-16,110618.05793758844,110624.2114064115,110604.81960128706,110620.56121169795
2021-12-17,110604.57870460916,110622.7176087835,110596.82926912332,110604.75377010084
2021-12-20,110597.61540073849,110617.1974653562,110592.65466882987,110594.07320331891
2021-12-21,110580.78242320065,110590.13752785747,110558.62815022742,110583.9565754548
2021-12-22,110583.18068808744,110587.74501305766,110551.12512631238,110578.61073394748
2021-12-23,110575.56778024805,110620.44287350064,110567.81195759149,110573.03583585192
2021-12-24,110569.25772168094,110585.63140138767,110557.69508769902,110570.61661289287
2021-12-27,110558.66970614991,110570.94644334896,110544.26894929213,110556.32048152352
2021-12-28,110546.92467130905,110563.30767366018,110527.6170948571,110551.32238155964
2021-12-29,110536.95453726701,110556.82535055038,110521.39437963036,110542.1492621025
2021-12-30,110527.61741438501,110556.85176420021,110519.60505465149,110531.48676115346
2021-12-31,110524.41579589102,110526.33506302262,110518.58947306442,110525.64503528696
2022-01-03,110512.98824704916,110528.02872442856,110506.73787642914,110513.96447695601
2022-01-04,110496.11139652332,110508.8144209542,110484.07409998978,110497.65682377476
2022-01-05,110488.47421789076,110493.78123564573,110479.3060740843,110488.17594981907
2022-01-06,110467.77940468934,110490.03626872745,110436.68361354098,110474.1848664125
2022-01-07,110465.07525134727,110470.94210878025,110449.83809494202,110463.58920312821
2022-01-10,110452.81752044654,110477.07665007189,110425.77938955923,110457.07542218322
2022-01-11,110448.34086935,110455.74336185888,110441.78051237798,110450.32342116567
2022-01-12,110447.4324675627,110451.41469057449,110446.51121382178,110448.67101896158
2022-01-13,110436.40376806358,110452.15239434103,110422.69298702749,110439.87239997381
2022-01-14,110421.62607460571,110432.25337936633,110416.27794113787,110425.73907361162
2022-01-17,110411.69644118943,110420.7822716474,110402.1750754102,110414.71468618508
2022-01-18,110403.00137836015,110426.59449461424,110397.80836237392,110403.03714928657
2022-01-19,110391.93579518993,110408.60312437,110384.3094719465,110390.16584865274
2022-01-20,110385.60002296593,110412.13757411408,110374.7713920733,110383.90731743281
2022-01-21,110370.34291496612,110396.05032182286,110365.61232047928,110373.32638808094
2022-01-24,110355.04216536955,110360.7589296204,110340.21356694314,110357.41689681419
2022-01-25,110349.44277853271,110361.3554267413,110349.40979233777,110352.20458802667
2022-01-26,110345.10831868813,110354.69615438263,110342.92887105058,110343.75888175184
2022-01-27,110331.07397032369,110355.56830574483,110326.45830603984,110337.18623086525
2022-01-28,110333.3241348258,110338.14720736613,110316.18551840408,110329.60911704405
2022-01-31,110322.68132135477,110326.24843685757,110296.98555784422,110324.13573598064
2022-02-01,110313.9372363773,110328.29094987588,110308.42123068156,110316.2878109687
2022-02-02,110314.25098229034,110323.92539475855,110307.97214365662,110313.23262090262
2022-02-03,110310.03040922785,110327.48252679723,110273.21160439434,110306.93255206253
2022-02-04,110301.52857232674,110316.56718306415,110298.56703145358,110300.50082255609
2022-02-07,110297.29852359877,110313.87582828861,110287.5975497242,110294.14029022682
2022-02-08,110280.7168157065,110286.26790404724,110247.89605204332,110280.31373925654
2022-02-09,110275.34411206645,110284.47591941692,110267.32779121115,110271.65519624932
2022-02-10,110266.35341040698,110272.45483523831,110253.75273221936,110262.61793029113
2022-02-11,110255.14968080776,110257.08777772475,110244.13807974993,110255.44811717577
2022-02-14,110246.33095818236,110258.89538832523,110236.42415557968,110242.01334051858
2022-02-15,110241.0440007301,110259.78069521875,110226.05254243457,110240.54979962615
2022-02-16,110233.22803394368,110234.97194552577,110221.5292224056,110232.96735428278
2022-02-17,110217.35766310884,110222.50804185016,110194.59600323698,110220.12208412017
2022-02-18,110204.4201962485,110221.93179198557,110199.72127689193,110205.28653626586
2022-02-21,110198.49413532851,110201.72885906964,110166.89530457417,110196.16138709098
2022-02-22,110183.86474471007,110188.32645297746,110183.09092569989,110187.80268543928
2022-02-23,110178.87838912335,110185.03376913001,110169.91053932121,110176.92951709537
2022-02-24,110170.34382026088,110176.28425150918,110167.09816050295,110169.29797240708
2022-02-25,110159.56595358686,110180.8479087478,110141.11688133712,110158.73326933812
2022-02-28,110146.32042575866,110153.74452924251,110145.83035645037,110152.93990234494
2022-03-01,110141.73200631248,110148.51294755806,110135.63490116934,110142.04173507138
2022-03-02,110135.83251419403,110140.09278206591,110118.54810957397,110133.88773417096
2022-03-03,110127.51422599365,110145.94950759379,110122.39001725166,110129.80309086441
2022-03-04,110132.36068649334,110150.37737510607,110113.41611596098,110132.08976639605
2022-03-07,110112.92497381833,110142.67739999502,110096.87963280272,110120.05919362554
2022-03-08,110112.21534165405,110115.80135778493,110086.45998334565,110110.20116254519
2022-03-09,110096.85452132496,110105.66910766553,110082.22532748914,110098.84181975399
2022-03-10,110096.59320388376,110128.39056078142,110069.77394320782,110093.97913304107
2022-03-11,110075.85837699039,110090.63592296129,110059.79104889682,110081.38673581819
2022-03-14,110073.52610980079,110086.63533426133,110062.29436737418,110071.44930763582
2022-03-15,110062.62008463992,110075.4213485264,110052.07297622986,110063.33090250287
2022-03-16,110053.83899973794,110066.52345195414,110038.24093376129,110051.41618834494
2022-03-17,110036.80975881437,110061.87442736056,110019.30976942036,110039.5868881757
2022-03-18,110027.829025549,110068.82090981891,110026.67540956949,110029.68439662323
2022-03-21,110020.00998969634,110024.89737038729,110011.7678808384,110013.28263566188
2022-03-22,109997.01086634227,110010.2249822707,109984.19706517732,109999.50072279359
2022-03-23,109987.7305048202,109998.30184023287,109985.59786653971,109989.84858644241
2022-03-24,109981.61176287627,110009.62266059911,109971.9432421155,109982.44150898777
2022-03-25,109970.63079286649,109977.96006679109,109967.21055618764,109973.69846904396
2022-03-28,109962.17396462365,109980.43943511385,109943.01190121437,109958.60259426461
2022-03-29,109953.92248904017,109969.33174679014,109917.05751667486,109948.74744909756
2022-03-30,109941.82888145983,109964.82361451781,109937.94568225398,109943.94119965959
2022-03-31,109932.98656517052,109959.56301686127,109930.52124150567,109938.16466170756
2022-04-01,109933.36560217042,109955.48849794656,109925.94841325829,109929.84967026145
2022-04-04,109921.62536229641,109929.28624952612,109911.87493871272,109918.30019076105
2022-04-05,109915.2900338214,109918.68103137721,109902.45337829903,109912.82505624485
2022-04-06,109905.97887462426,109908.47152354405,109891.77477014528,109902.50934032002
2022-04-07,109887.22977091266,109900.15476813665,109886.4441507395,109889.83234671013
2022-04-08,109878.11811254347,109901.70317026928,109876.26980391283,109878.62360176948
2022-04-11,109872.26465412354,109886.30019515904,109857.69179982673,109876.41698293657
2022-04-12,109865.04321460062,109876.88628475691,109855.7368895004,109869.29770308938
2022-04-13,109868.87799522339,109874.51987423547,109863.47772288186,109865.93469130158
2022-04-14,109854.00160626101,109871.73603836869,109838.92033871869,109856.01734604833
2022-04-15,109858.60865818714,109866.18373768509,109832.8804587729,109851.76994340507
2022-04-18,109841.58646756056,109852.76686410443,109836.42666220517,109841.3639272306
2022-04-19,109830.81294330876,109850.26818087758,109812.79838172076,109832.73421775446
2022-04-20,109837.07327440541,109844.72376938237,109831.81534212039,109834.6796187943
2022-04-21,109835.15200039628,109867.96002306216,109807.85422070007,109829.74821332349
2022-04-22,109821.20192470046,109828.9797697792,109817.7706920152,109819.74353182218
2022-04-25,109807.75282015369,109813.33668869219,109803.10183974082,109811.40425566607
2022-04-26,109805.82215775526,109819.20131338891,109783.82558857928,109804.70914934961
2022-04-27,109805.67777389089,109820.03732137497,109792.90761151224,109801.55097970768
2022-04-28,109790.11472449392,109800.9608537209,109768.58696843644,109791.594447341
2022-04-29,109774.30824513035,109800.89317494984,109769.39499104282,109776.62917100258
2022-05-02,109770.55994748417,109778.08590160494,109756.51378721649,109767.51060375008
2022-05-03,109759.99204880024,109777.74716652314,109748.99567809644,109759.57214557873
2022-05-04,109748.70267114563,109764.38082622824,109748.55948954608,109752.01029745367
2022-05-05,109748.13781819366,109757.49786479198,109745.0657283952,109749.2770579984
2022-05-06,109740.27681883873,109746.98116816503,109738.489065241,109742.54380631163
2022-05-09,109738.68428019279,109750.8286238885,109727.72594283966,109737.79547419817
2022-05-10,109725.72007296295,109772.94215276922,109718.52302621986,109725.39101942247
2022-05-11,109724.31396650536,109735.97166726112,109713.48304219967,109720.86262537618
2022-05-12,109723.37649982874,109734.21928962396,109718.93534207149,109721.2475047028
2022-05-13,109711.6485398817,109729.77505404815,109700.09953110134,109716.33914186379
2022-05-16,109710.57433633792,109720.2188004394,109705.42943343172,109709.35336474355
2022-05-17,109704.66011445622,109720.61504275448,109687.84752135431,109701.96931749719
2022-05-18,109702.4855242544,109710.4744618023,109686.04801846987,109701.1178864533
2022-05-19,109692.49933949758,109708.87562033653,109657.87850175616,109689.40916051973
2022-05-20,109679.31602010991,109690.8601013439,109676.0480613789,109680.96475108791
2022-05-23,109671.9530859778,109677.93640898942,109636.14491294922,109674.80558145966
2022-05-24,109672.57179596665,109687.58040398623,109664.65856763735,109669.78158589092
2022-05-25,109656.83588025362,109681.31873078253,109639.81411092653,109660.03227426809
2022-05-26,109646.78294724866,109673.68351271567,109646.513623603,109653.261559847
2022-05-27,109647.22577375556,109654.03459044147,109624.8092284594,109644.14987392159
2022-05-30,109634.4592036758,109637.52795642323,109632.05244740941,109636.6317584528
2022-05-31,109627.18519368827,109643.49249721602,109617.98496167781,109628.1033922913
2022-06-01,109611.34307953519,109631.20360585688,109609.84378470099,109615.53701757987
2022-06-02,109603.47598047878,109612.56214706905,109597.88288455026,109607.45256323979
2022-06-03,109599.4914028021,109613.0118229441,109552.23708487854,109602.96116932803
2022-06-06,109590.01114660666,109612.70090436023,109588.94388704209,109591.09309616186
2022-06-07,109583.23872639524,109617.48407945082,109574.07136307741,109582.12872916677
2022-06-08,109569.89441577732,109594.71891391241,109562.5446658307,109576.7878494246
2022-06-09,109566.76490852147,109569.99040944908,109558.79977152104,109564.50838899761
2022-06-10,109553.69294785928,109574.6869338592,109547.55468685048,109557.23894234764
2022-06-13,109541.79948779797,109550.69915172986,109530.21931360174,109544.99842307183
